question,contexts,ground_truth,evolution_type,metadata,episode_done
What are the key considerations regarding AI foundation models in the context of EU regulations?,"['∙ 3개국은 기반모델 전반에 대한 규제가 기술 중립적이고 위험 기반의 AI 규제 원칙에 어긋난다고\n주장하며 기반모델 전반에 대한 규제가 아닌, 특정 용도로 사용될 수 있는 AI 시스템에 대한 규제를 요구\n∙ 3개국은 자발적인 행동강령을 도입하고 준수를 의무화하는 방안을 제안하며, 기반모델 개발기업에\n머신러닝 기술 정보와 모델의 기능과 한계를 요약한 ‘모델 카드’ 작성을 요구하겠다고 설명\n∙ 3개국은 AI 감독기관이 모델 카드를 토대로 기반모델 개발기업의 행동강령 준수 여부를 확인하되,\n위반 시 곧바로 제재를 가하지 않고 위반행위 분석과 영향 평가를 시행한 후 제재하는 방안을 제안\n☞ 출처: Euractiv, EU’s AI Act negotiations hit the brakes over foundation models, 2023.11.1.\nEuractiv, France, Germany, Italy push for ‘mandatory self-regulation’ for foundation models in EU’s AI law, 2023.11.19.\n6']","Key considerations regarding AI foundation models in the context of EU regulations include the need for mandatory self-regulation, the importance of addressing risks associated with the use of foundation models, and the requirement for transparency and accountability in AI systems. Additionally, there is a focus on ensuring that AI systems are developed and used in a manner that aligns with ethical standards and public safety.",simple,"[{'source': 'data/SPRI_AI_Brief_2023년12월호_F.pdf', 'file_path': 'data/SPRI_AI_Brief_2023년12월호_F.pdf', 'page': 8, 'total_pages': 23, 'Author': 'dj', 'Creator': 'Hwp 2018 10.0.0.13462', 'Producer': 'Hancom PDF 1.3.0.542', 'CreationDate': ""D:20231208132838+09'00'"", 'ModDate': ""D:20231208132838+09'00'"", 'PDFVersion': '1.4', 'filename': 'data/SPRI_AI_Brief_2023년12월호_F.pdf'}]",True
"What are the key features and improvements of the LLM 'Tongyi Qianwen 2.0' compared to its previous version, including any changes in performance metrics, architectural design, and application areas?","['1. 정책/법제 2. 기업/산업 3. 기술/연구 4. 인력/교육\n알리바바 클라우드, 최신 LLM ‘통이치엔원 2.0’ 공개\nKEY Contents\nn 알리바바 클라우드가 복잡한 지침 이해, 광고문구 작성, 추론, 암기 등에서 성능이 향상된 최신\nLLM ‘통이치엔원 2.0’을 공개\nn 알리바바 클라우드는 산업별로 특화된 생성 AI 모델을 공개하는 한편, 모델 개발과 애플리케이션\n구축 절차를 간소화하는 올인원 AI 모델 구축 플랫폼도 출시\n£알리바바의 통이치엔원 2.0, 주요 벤치마크 테스트에서 여타 LLM 능가\nn 중국의 알리바바 클라우드가 2023년 10월 31일 열린 연례 기술 컨퍼런스에서 최신 LLM ‘통이\n치엔원(Tongyi Qianwen) 2.0’을 공개\n∙ 알리바바 클라우드는 통이치엔원 2.0이 2023년 4월 출시된 1.0 버전보다 복잡한 지침 이해,\n광고문구 작성, 추론, 암기 등에서 성능이 향상되었다고 설명\n∙ 통이치엔원 2.0은 언어 이해 테스트(MMLU), 수학(GSM8k), 질문 답변(ARC-C)과 같은 벤치마크\n테스트에서 라마(Llama-2-70B)와 GPT-3.5를 비롯한 주요 AI 모델을 능가\n∙ 통이치엔원 2.0은 알리바바 클라우드의 웹사이트와 모바일 앱을 통해 대중에 제공되며 개발자는\nAPI를 통해 사용 가능\nn 알리바바 클라우드는 여러 산업 영역에서 생성 AI를 활용해 사업 성과를 개선할 수 있도록 지원\n하는 산업별 모델도 출시\n∙ 산업 영역은 고객지원, 법률 상담, 의료, 금융, 문서관리, 오디오와 동영상 관리, 코드 개발, 캐릭터\n제작을 포함\nn 알리바바 클라우드는 급증하는 생성 AI 수요에 대응해 모델 개발과 애플리케이션 구축 절차를\n간소화하는 올인원 AI 모델 구축 플랫폼 ‘젠AI(GenAI)’도 공개\n∙ 이 플랫폼은 데이터 관리, 모델 배포와 평가, 신속한 엔지니어링을 위한 종합 도구 모음을 제공하여\n다양한 기업들이 맞춤형 AI 모델을 한층 쉽게 개발할 수 있도록 지원']","The key features and improvements of the LLM 'Tongyi Qianwen 2.0' compared to its previous version include enhancements in performance metrics such as MMLU, GSM8k, and ARC-C. It also features architectural design improvements and is capable of utilizing various AI applications, including those in the fields of education, legal, and content creation. The model was officially released on October 31, 2023, and is designed to outperform its predecessor, Tongyi Qianwen 1.0, which was released in April 2023.",simple,"[{'source': 'data/SPRI_AI_Brief_2023년12월호_F.pdf', 'file_path': 'data/SPRI_AI_Brief_2023년12월호_F.pdf', 'page': 11, 'total_pages': 23, 'Author': 'dj', 'Creator': 'Hwp 2018 10.0.0.13462', 'Producer': 'Hancom PDF 1.3.0.542', 'CreationDate': ""D:20231208132838+09'00'"", 'ModDate': ""D:20231208132838+09'00'"", 'PDFVersion': '1.4', 'filename': 'data/SPRI_AI_Brief_2023년12월호_F.pdf'}]",True
What is the purpose of the AAAI Conference?,"['Ⅱ\n. 주요 행사 일정\n행사명 행사 주요 개요\n- 미국 소비자기술 협회(CTA)가 주관하는 세계 최대 가전·IT·소\n비재 전시회로 5G, AR&VR, 디지털헬스, 교통·모빌리티 등\n주요 카테고리 중심으로 기업들이 최신의 기술 제품군을 전시\n- CTA 사피로 회장은 가장 주목받는 섹터로 AI를 조명하였으며,\n모든 산업을 포괄한다는 의미에서 ‘올 온(All on)’을 주제로 한\nCES 2024\n이번 전시에는 500곳 이상의 한국기업 참가 예정\n기간 장소 홈페이지\n2024.1.9~12 미국, 라스베가스 https://www.ces.tech/\n- 머신러닝 및 응용에 관한 국제 컨퍼런스(AIMLA 2024)는\n인공지능 및 머신러닝의 이론, 방법론 및 실용적 접근에 관한\n지식과 최신 연구 결과 공유\n- 이론 및 실무 측면에서 인공지능, 기계학습의 주요 분야를\n논의하고, 학계, 산업계의 연구자와 실무자들에게 해당 분\nAIMLA 2024\n야의 최첨단 개발 소식 공유\n기간 장소 홈페이지\nhttps://ccnet2024.org/aimla\n2024.1.27~28 덴마크, 코펜하겐\n/index\n- AI 발전 협회 컨퍼런스(AAAI)는 AI 연구를 촉진하고, AI 분야\n연구원, 실무자, 과학자, 학생 및 공학자 간 교류의 기회 제공\n- 컨퍼런스에서 AI 관련 기술 발표, 특별 트랙, 초청 연사,\nAAAI Conference\n워크숍, 튜토리얼, 포스터 세션, 주제 발표, 대회, 전시 프\non Artificial\n로그램 등 진행\nIntelligence\n기간 장소 홈페이지\nhttps://aaai.org/aaai-confere\n2024.2.20~27 캐나다, 밴쿠버\nnce/']","The purpose of the AAAI Conference is to advance the understanding of artificial intelligence by bringing together researchers and practitioners to discuss various aspects of AI, including its applications, methodologies, and future directions.",simple,"[{'source': 'data/SPRI_AI_Brief_2023년12월호_F.pdf', 'file_path': 'data/SPRI_AI_Brief_2023년12월호_F.pdf', 'page': 21, 'total_pages': 23, 'Author': 'dj', 'Creator': 'Hwp 2018 10.0.0.13462', 'Producer': 'Hancom PDF 1.3.0.542', 'CreationDate': ""D:20231208132838+09'00'"", 'ModDate': ""D:20231208132838+09'00'"", 'PDFVersion': '1.4', 'filename': 'data/SPRI_AI_Brief_2023년12월호_F.pdf'}]",True
What role does content moderation play in the context of AI development?,"['£유튜브, 특정인을 모방한 AI 생성 콘텐츠에 대한 삭제 요청에도 대응 계획\nn 유튜브는 몇 달 내에 신원 파악이 가능한 개인의 얼굴이나 음성을 모방한 AI 생성 콘텐츠에 대하\n여 개인정보 침해 신고 절차를 마련해 삭제 요청을 받을 계획\n∙ 단, 모든 콘텐츠가 삭제 대상은 아니며 유튜브는 콘텐츠가 패러디나 풍자인지, 해당 영상에서 삭제 요청을\n한 특정인을 식별할 수 있는지, 공직자나 유명인이 등장하는지 등 다양한 요소를 고려할 예정\n∙ 유튜브는 음반사가 아티스트의 고유한 노래나 목소리를 모방한 AI 생성 음악에 대하여 삭제를 요청할 수\n있는 기능도 도입할 방침\n☞ 출처 : Youtube, Our approach to responsible AI innovation, 2023.11.14.\n14']",Content moderation plays a crucial role in AI development by ensuring that the AI systems are trained on appropriate data and that harmful or inappropriate content is filtered out. This helps in maintaining the integrity and safety of AI applications.,simple,"[{'source': 'data/SPRI_AI_Brief_2023년12월호_F.pdf', 'file_path': 'data/SPRI_AI_Brief_2023년12월호_F.pdf', 'page': 16, 'total_pages': 23, 'Author': 'dj', 'Creator': 'Hwp 2018 10.0.0.13462', 'Producer': 'Hancom PDF 1.3.0.542', 'CreationDate': ""D:20231208132838+09'00'"", 'ModDate': ""D:20231208132838+09'00'"", 'PDFVersion': '1.4', 'filename': 'data/SPRI_AI_Brief_2023년12월호_F.pdf'}]",True
What FTC concerns exist on AI comp. & consumer protection?,"['1. 정책/법제 2. 기업/산업 3. 기술/연구 4. 인력/교육\n미국 연방거래위원회, 저작권청에 소비자 보호와 경쟁 측면의 AI 의견서 제출\nKEY Contents\nn 미국 FTC는 저작권청이 실시한 저작권과 AI 관련 질의공고에 대하여 소비자 보호와 경쟁\n측면의 의견을 제시\nn FTC는 생성 AI로 인한 창작자와 소비자 피해의 가능성에 우려를 표시하는 한편, 일부\n빅테크가 막대한 재원을 활용해 시장 지배력을 더욱 강화할 수 있다는 우려를 제기\n£FTC, 생성 AI로 인한 소비자와 창작자의 피해 및 빅테크의 시장 지배력 강화 우려\nn 미국 연방거래위원회(FTC)가 2023년 10월 30일 저작권청(U.S. Copyright Office, USCO)이\n지난 9월 발표한 저작권과 AI 관련 질의공고(Notice of Inquiry, NOI)에 대한 의견서를 발표\n∙ 저작권청은 생성 AI와 관련된 저작권법과 정책 이슈를 조사하고 있으며, 폭넓은 의견 수렴을 통해\n입법과 규제 조치의 필요성을 검토할 계획\n∙ FTC는 생성 AI의 개발과 배포가 소비자, 근로자, 중소기업에 피해를 줄 수 있다며 소비자의 개인정보\n침해, 차별과 편견의 자동화, 사기 범죄 등 AI 사용과 관련된 위험에 주목\nn FTC는 저작권법에 따른 권리와 책임 범위를 넘어서는 저작권 문제에 주목하여 생성 AI로 인해\n창작자의 경쟁력이 불공정한 피해를 볼 수 있으며, 소비자가 특정 창작자의 작품을 생성 AI가\n만들었다고 오해할 소지가 있다고 지적\n∙ 저작권법에 저촉되는 행위는 불공정 경쟁이나 기만행위에도 해당될 수 있으며, 창작자의 평판 악화,\n저작물의 가치 저하나 개인정보 유출로 소비자에 상당한 피해를 초래 가능\nn FTC는 일부 빅테크가 막대한 재원을 활용해 생성 AI 사용자의 이탈을 막고 저작권이 있는 상용\n데이터에 대한 독점 라이선스를 확보해 시장 지배력을 더욱 강화할 수 있다는 우려도 제기', '데이터에 대한 독점 라이선스를 확보해 시장 지배력을 더욱 강화할 수 있다는 우려도 제기\n∙ 이와 관련 FTC는 아마존 AI 비서 ‘알렉사(Alexa)’와 스마트홈 보안 기기 ‘링(Ring)’이 소비자의 사적\n정보를 알고리즘 훈련에 사용하여 프라이버시를 침해한 혐의를 조사하는 등 법적 권한을 활용해 AI\n관련 불법 행위에 대처하고 있음\n* FTC는 2023년 5월 31일 동의를 받지 않고 어린이들의 음성과 위치 정보를 활용한 ‘알렉사’와 고객의 사적 영상에 대하여\n직원에게 무제한 접근 권한을 부여한 ‘링’에 3,080만 달러(약 420억 원)의 과징금을 부과\nn FTC는 빠르게 발전하는 생성 AI가 여러 산업과 비즈니스에 변화를 가져올 수 있지만, 현행법상\nAI에 관한 예외 조항은 없다며, 모든 권한을 활용해 소비자를 보호하고 개방적이고 공정한 경쟁\n시장을 유지하겠다고 강조\n☞ 출처: FTC, In Comment Submitted to U.S. Copyright Office, FTC Raises AI-related Competition and\nConsumer Protection Issues, Stressing That It Will Use Its Authority to Protect Competition and\nConsumers in AI Markets, 2023.10.30.']","The FTC has raised concerns regarding AI-related competition and consumer protection issues. It emphasizes the need to protect competition and consumers in AI markets, particularly in relation to the implications of AI on consumer rights and market dynamics.",reasoning,"[{'source': 'data/SPRI_AI_Brief_2023년12월호_F.pdf', 'file_path': 'data/SPRI_AI_Brief_2023년12월호_F.pdf', 'page': 7, 'total_pages': 23, 'Author': 'dj', 'Creator': 'Hwp 2018 10.0.0.13462', 'Producer': 'Hancom PDF 1.3.0.542', 'CreationDate': ""D:20231208132838+09'00'"", 'ModDate': ""D:20231208132838+09'00'"", 'PDFVersion': '1.4', 'filename': 'data/SPRI_AI_Brief_2023년12월호_F.pdf'}, {'source': 'data/SPRI_AI_Brief_2023년12월호_F.pdf', 'file_path': 'data/SPRI_AI_Brief_2023년12월호_F.pdf', 'page': 7, 'total_pages': 23, 'Author': 'dj', 'Creator': 'Hwp 2018 10.0.0.13462', 'Producer': 'Hancom PDF 1.3.0.542', 'CreationDate': ""D:20231208132838+09'00'"", 'ModDate': ""D:20231208132838+09'00'"", 'PDFVersion': '1.4', 'filename': 'data/SPRI_AI_Brief_2023년12월호_F.pdf'}]",True
"What key algorithms, architectures, and functions drive AGI development?","['구글 딥마인드, 범용 AI 모델의 기능과 동작에 대한 분류 체계 발표\nKEY Contents\nn 구글 딥마인드 연구진이 성능과 범용성, 자율성을 기준으로 범용 AI(AGI)의 수준을\n0~5단계까지 총 6단계로 구분한 프레임워크를 공개\nn 현재 AGI는 단백질 구조를 예측하는 알파폴드와 같은 특정 용도에서는 5단계 수준을 달성했지만\n광범위하게 활용될 수 있는 범용에서는 1단계 수준에 머물러 있음\n£챗GPT와 구글 바드와 같은 AI 챗봇은 범용 AI 1단계 수준\nn 구글 딥마인드 연구진은 2023년 11월 4일 범용 AI(Artificial General Intelligence, AGI) 모델을 용도와\n성능에 따라 분류하는 프레임워크를 제시한 논문을 발표\n∙ 프레임워크의 목적은 AGI의 성능, 범용성, 자율성 수준을 정의하여 모델 간 비교와 위험 평가, AGI\n달성까지의 진행 상황을 측정할 수 있는 공통 기준을 제공하기 위함\nn 연구진은 AGI 개념 정의에 필요한 기준을 수립하기 위한 6가지 원칙을 아래와 같이 도출\n∙ (프로세스가 아닌 기능에 중점) AI가 어떻게 작동하는지보다 무엇을 할 수 있는지가 더 중요\n∙ (범용성과 성능을 모두 평가) 진정한 AGI는 인간을 능가하는 폭넓은 범용성과 기술의 깊이를 모두 요구\n∙ (인지와 메타인지 작업에 중점) 물리적 작업의 수행 능력은 AGI의 필수 전제조건이 아니며, 인지 작업과\n메타인지 작업(예; 새로운 작업의 학습 능력, 인간에게 도움을 요청할 시점을 아는 능력)이 핵심\n∙ (실제 구현보다 잠재력에 집중) 통제된 상황에서 발휘되는 성능에 따라 AGI를 규정하고 테스트를 진행\n∙ (생태학적 타당도를 갖춘 벤치마크 사용) AGI에 대한 벤치마크는 사람들이 경제적· 사회적 또는 예술적으로\n가치 있게 여기는 실질적인 작업을 대상으로 성능 평가 필요\n∙ (종점이 아닌 AGI를 향한 경로에 중점) 단계별 접근방식을 통해 AGI의 발전 상태를 점진적으로 측정']","The context does not provide specific details about the key algorithms, architectures, and functions that drive AGI development.",reasoning,"[{'source': 'data/SPRI_AI_Brief_2023년12월호_F.pdf', 'file_path': 'data/SPRI_AI_Brief_2023년12월호_F.pdf', 'page': 18, 'total_pages': 23, 'Author': 'dj', 'Creator': 'Hwp 2018 10.0.0.13462', 'Producer': 'Hancom PDF 1.3.0.542', 'CreationDate': ""D:20231208132838+09'00'"", 'ModDate': ""D:20231208132838+09'00'"", 'PDFVersion': '1.4', 'filename': 'data/SPRI_AI_Brief_2023년12월호_F.pdf'}]",True
What strategies ensure safe and ethical AI advancement?,"['문제를 방지하는 조치를 확대\n∙ 형사사법 시스템에서 AI 사용 모범사례를 개발하고, 주택 임대 시 AI 알고리즘 차별을 막기 위한 명확한\n지침을 제공하며, 보건복지 부문에서 책임 있는 AI 배포와 사용을 위한 전략을 마련\nn (소비자 보호와 근로자 지원) 의료 분야에서 책임 있는 AI 사용을 촉진하고 맞춤형 개인교습 등 학교\n내 AI 교육 도구 관련 자원을 개발하며, AI로 인한 근로자 피해를 완화하고 이점을 극대화하는 원칙과\n모범사례를 마련\nn (혁신과 경쟁 촉진) 국가AI연구자원(National Artificial Intelligence Research Resource, NAIRR)*을\n통해 미국 전역의 AI 연구를 촉진하고, 중소기업과 개발자에 기술과 인프라를 지원\n* 국가 차원에서 AI 연구 인프라를 확충해 더 많은 AI 연구자에게 인프라를 지원하는 프로그램\n∙ 비자 기준과 인터뷰 절차의 현대화와 간소화로 AI 관련 주요 분야의 전문 지식을 갖춘 외국인들이 미국에서\n공부하고 취업할 수 있도록 지원\n☞ 출처 : The White House, Executive Order on the Safe, Secure, and Trustworthy Development and Use of\nArtificial Intelligence (E.O. 14110), 2023.10.30.', '1. 정책/법제 2. 기업/산업 3. 기술/연구 4. 인력/교육\n미국, 안전하고 신뢰할 수 있는 AI 개발과 사용에 관한 행정명령 발표\nKEY Contents\nn 미국 바이든 대통령이 ‘안전하고 신뢰할 수 있는 AI 개발과 사용에 관한 행정명령’에 서명하고\n광범위한 행정 조치를 명시\nn 행정명령은 △AI의 안전과 보안 기준 마련 △개인정보보호 △형평성과 시민권 향상 △소비자\n보호 △노동자 지원 △혁신과 경쟁 촉진 △국제협력을 골자로 함\n£바이든 대통령, AI 행정명령 통해 안전하고 신뢰할 수 있는 AI 개발과 활용 추진\nn 미국 바이든 대통령이 2023년 10월 30일 연방정부 차원에서 안전하고 신뢰할 수 있는 AI 개발과\n사용을 보장하기 위한 행정명령을 발표\n∙ 행정명령은 △AI의 안전과 보안 기준 마련 △개인정보보호 △형평성과 시민권 향상 △소비자 보호\n△노동자 지원 △혁신과 경쟁 촉진 △국제협력에 관한 내용을 포괄\nn (AI 안전과 보안 기준) 강력한 AI 시스템을 개발하는 기업에게 안전 테스트 결과와 시스템에 관한\n주요 정보를 미국 정부와 공유할 것을 요구하고, AI 시스템의 안전성과 신뢰성 확인을 위한 표준 및\nAI 생성 콘텐츠 표시를 위한 표준과 모범사례 확립을 추진\n∙ △1026 플롭스(FLOPS, Floating Point Operation Per Second)를 초과하는 컴퓨팅 성능 또는 생물학적\n서열 데이터를 주로 사용하고 1023플롭스를 초과하는 컴퓨팅 성능을 사용하는 모델 △단일 데이터센터에서\n1,000Gbit/s 이상의 네트워킹으로 연결되며 AI 훈련에서 이론상 최대 1020 플롭스를 처리할 수 있는\n컴퓨팅 용량을 갖춘 컴퓨팅 클러스터가 정보공유 요구대상\nn (형평성과 시민권 향상) 법률, 주택, 보건 분야에서 AI의 무책임한 사용으로 인한 차별과 편견 및 기타\n문제를 방지하는 조치를 확대\n∙ 형사사법 시스템에서 AI 사용 모범사례를 개발하고, 주택 임대 시 AI 알고리즘 차별을 막기 위한 명확한']","The context discusses various strategies for ensuring safe and ethical AI advancement, including the establishment of guidelines for AI usage, the development of AI governance frameworks, and the promotion of responsible AI practices. It emphasizes the importance of collaboration among stakeholders to create a secure and trustworthy AI environment.",multi_context,"[{'source': 'data/SPRI_AI_Brief_2023년12월호_F.pdf', 'file_path': 'data/SPRI_AI_Brief_2023년12월호_F.pdf', 'page': 3, 'total_pages': 23, 'Author': 'dj', 'Creator': 'Hwp 2018 10.0.0.13462', 'Producer': 'Hancom PDF 1.3.0.542', 'CreationDate': ""D:20231208132838+09'00'"", 'ModDate': ""D:20231208132838+09'00'"", 'PDFVersion': '1.4', 'filename': 'data/SPRI_AI_Brief_2023년12월호_F.pdf'}, {'source': 'data/SPRI_AI_Brief_2023년12월호_F.pdf', 'file_path': 'data/SPRI_AI_Brief_2023년12월호_F.pdf', 'page': 3, 'total_pages': 23, 'Author': 'dj', 'Creator': 'Hwp 2018 10.0.0.13462', 'Producer': 'Hancom PDF 1.3.0.542', 'CreationDate': ""D:20231208132838+09'00'"", 'ModDate': ""D:20231208132838+09'00'"", 'PDFVersion': '1.4', 'filename': 'data/SPRI_AI_Brief_2023년12월호_F.pdf'}]",True
What key metrics gauge AI app effectiveness and user satisfaction?,"['1. 정책/법제 2. 기업/산업 3. 기술/연구 4. 인력/교육\n빌 게이츠, AI 에이전트로 인한 컴퓨터 사용의 패러다임 변화 전망\nKEY Contents\nn 빌 게이츠가 5년 내 일상언어로 모든 작업을 처리할 수 있는 AI 에이전트가 보급되며 컴퓨터를\n사용하는 방식이 완전히 바뀔 것으로 예상\nn 에이전트의 보급은 컴퓨터 분야를 넘어 산업 전 영역에 영향을 미칠 전망으로 특히 의료와\n교육, 생산성, 엔터테인먼트·쇼핑 영역에서 고가로 제공되던 서비스가 대중화될 전망\n£5년 내 기기에 일상언어로 말하기만 하면 되는 AI 에이전트의 보급 예상\nn 빌 게이츠 마이크로소프트 창업자가 2023년 11월 9일 공식 블로그를 통해 AI 에이전트가 컴퓨터\n사용방식과 소프트웨어 산업을 완전히 변화시킬 것이라는 전망을 제시\n∙ 자연어에 반응하고 사용자에 대한 지식을 바탕으로 다양한 작업을 수행하는 소프트웨어를 의미하는\n에이전트는 컴퓨터 사용방식이 키보드 입력에서 아이콘 클릭으로 바뀐 이후 최대의 컴퓨팅 혁명을\n가져올 전망\n∙ 현재는 컴퓨터 작업 시 작업 내용에 따라 각각 다른 앱을 사용해야 하지만 5년 내 에이전트의 발전으로\n기기에 일상언어로 말하기만 하면 되는 미래가 도래할 것\n∙ 온라인에 접속하는 모든 사람이 AI 기반의 개인 비서를 사용할 수 있게 되며, 에이전트는 사용자에 대한\n풍부한 지식을 바탕으로 맞춤화된 대응이 가능하며 시간이 지날수록 개선됨\n∙ 일례로 여행 계획 수립 시 AI 챗봇이 예산에 맞는 호텔을 제안하는데 머문다면, 에이전트는 사용자의 여행\n패턴을 분석해 여행지를 제안하고 관심사에 따른 활동을 추천하며 선호하는 스타일의 레스토랑 예약도 가능\n£AI 에이전트가 의료와 교육, 생산성, 엔터테인먼트·쇼핑 영역의 서비스 대중화를 주도할 것\nn 에이전트로 인해 주목할 만한 변화는 고비용 서비스의 대중화로 특히 △의료 △교육 △생산성 △\n엔터테인먼트·쇼핑의 4개 영역에서 대규모 변화 예상', 'n 에이전트로 인해 주목할 만한 변화는 고비용 서비스의 대중화로 특히 △의료 △교육 △생산성 △\n엔터테인먼트·쇼핑의 4개 영역에서 대규모 변화 예상\n∙ (의료) 에이전트가 환자 분류를 지원하고 건강 문제에 대한 조언을 제공하며 치료의 필요 여부를 결정하면서\n의료진의 의사결정과 생산성 향상에 기여\n∙ (교육) 에이전트가 1대 1 가정교사의 역할을 맡아 모든 학생에게 평등한 교육 기회를 제공할 수 있으며,\n아이가 좋아하는 게임이나 노래 등을 활용해 시청각 기반의 풍부한 맞춤형 교육 경험을 제공\n∙ (생산성) 사용자의 아이디어를 기반으로 에이전트가 사업계획과 발표 자료 작성, 제품 이미지 생성을\n지원하며, 임원의 개인 비서와 같은 역할도 수행\n∙ (엔터테인먼트·쇼핑) 쇼핑 시 에이전트가 모든 리뷰를 읽고 요약해 최적의 제품을 추천하고 사용자 대신\n주문할 수 있으며 사용자의 관심사에 맞춤화된 뉴스와 엔터테인먼트를 구독 가능\n☞ 출처 : GatesNotes, AI is about to completely change how you use computers, 2023.11.09.']","The key metrics that gauge AI app effectiveness and user satisfaction include user engagement, user feedback, and performance metrics such as accuracy and response time. These metrics help in assessing how well the AI application meets user needs and expectations.",multi_context,"[{'source': 'data/SPRI_AI_Brief_2023년12월호_F.pdf', 'file_path': 'data/SPRI_AI_Brief_2023년12월호_F.pdf', 'page': 15, 'total_pages': 23, 'Author': 'dj', 'Creator': 'Hwp 2018 10.0.0.13462', 'Producer': 'Hancom PDF 1.3.0.542', 'CreationDate': ""D:20231208132838+09'00'"", 'ModDate': ""D:20231208132838+09'00'"", 'PDFVersion': '1.4', 'filename': 'data/SPRI_AI_Brief_2023년12월호_F.pdf'}, {'source': 'data/SPRI_AI_Brief_2023년12월호_F.pdf', 'file_path': 'data/SPRI_AI_Brief_2023년12월호_F.pdf', 'page': 15, 'total_pages': 23, 'Author': 'dj', 'Creator': 'Hwp 2018 10.0.0.13462', 'Producer': 'Hancom PDF 1.3.0.542', 'CreationDate': ""D:20231208132838+09'00'"", 'ModDate': ""D:20231208132838+09'00'"", 'PDFVersion': '1.4', 'filename': 'data/SPRI_AI_Brief_2023년12월호_F.pdf'}]",True
"What does the complementarity principle mean for AI in fields like healthcare, finance, and education?","['영국 옥스퍼드 인터넷 연구소, AI 기술자의 임금이 평균 21% 높아\nKEY Contents\nn 옥스퍼드 인터넷 연구소의 연구에 따르면 특정 기술의 경제적 가치는 다른 기술과 결합\n가능성이 높을수록 높게 평가됨\nn AI의 확산은 기술의 경제적 가치에 크게 영향을 미치며, AI 기술을 가진 근로자는 평균 21%,\n최대 40% 높은 임금을 받을 수 있음\n£AI 기술 중 머신러닝, 텐서플로우, 딥러닝의 임금 프리미엄이 높게 평가\nn 옥스퍼드 인터넷 연구소(Oxford Internet Institute)가 2023년 10월 24일 962개 기술과 2만 5천\n명을 대상으로 한 연구에서 AI를 포함한 주요 기술의 경제적 가치를 분석한 결과를 발표\n∙ 연구에 따르면 한 기술의 경제적 가치는 근로자의 여타 역량과 얼마나 잘 결합하는지를 보여주는\n‘상보성(complementarity)’에 따라 결정됨\n∙ 특정 기술은 다른 기술과 결합 가능성이 높을수록 경제적 가치가 높아지며, 일례로 데이터 분석과 같은\n기술은 여타 고부가가치 기술과 결합할 수 있어 가치가 높지만, 사진 리터칭 같은 기술은 특정 기술과만\n결합할 수 있어 가치가 낮게 평가됨\n∙ 대부분 직업은 여러 기술의 조합이 필요하며, 근로자의 재교육에서 경제적 효율성을 높이려면 기존 기술과\n신기술 간 상보성을 극대화할 필요\nn AI의 확산은 기술의 경제적 가치에 크게 영향을 미치는 요소로, AI 기술을 가진 근로자는 평균적으로\n21% 높은 임금을 획득 가능\n∙ AI 기술 중 근로자에 대한 경제적 가치(시간당 임금 증가율 기준) 측면에서 상위 5개 기술은\n머신러닝(+40%), 텐서플로우(+38%), 딥러닝(+27%), 자연어처리(+19%), 데이터 과학(+17%) 순\n<AI 기술 유형 평균 기술 대비 갖는 임금 프리미엄>']","The complementarity principle in AI suggests that AI can enhance human capabilities in fields like healthcare, finance, and education by working alongside humans rather than replacing them. This principle emphasizes the importance of collaboration between AI and human expertise to achieve better outcomes.",conditional,"[{'source': 'data/SPRI_AI_Brief_2023년12월호_F.pdf', 'file_path': 'data/SPRI_AI_Brief_2023년12월호_F.pdf', 'page': 20, 'total_pages': 23, 'Author': 'dj', 'Creator': 'Hwp 2018 10.0.0.13462', 'Producer': 'Hancom PDF 1.3.0.542', 'CreationDate': ""D:20231208132838+09'00'"", 'ModDate': ""D:20231208132838+09'00'"", 'PDFVersion': '1.4', 'filename': 'data/SPRI_AI_Brief_2023년12월호_F.pdf'}]",True
How might new copyright laws affect FTC's AI regs via the Copyright Office?,"['1. 정책/법제 2. 기업/산업 3. 기술/연구 4. 인력/교육\n미국 연방거래위원회, 저작권청에 소비자 보호와 경쟁 측면의 AI 의견서 제출\nKEY Contents\nn 미국 FTC는 저작권청이 실시한 저작권과 AI 관련 질의공고에 대하여 소비자 보호와 경쟁\n측면의 의견을 제시\nn FTC는 생성 AI로 인한 창작자와 소비자 피해의 가능성에 우려를 표시하는 한편, 일부\n빅테크가 막대한 재원을 활용해 시장 지배력을 더욱 강화할 수 있다는 우려를 제기\n£FTC, 생성 AI로 인한 소비자와 창작자의 피해 및 빅테크의 시장 지배력 강화 우려\nn 미국 연방거래위원회(FTC)가 2023년 10월 30일 저작권청(U.S. Copyright Office, USCO)이\n지난 9월 발표한 저작권과 AI 관련 질의공고(Notice of Inquiry, NOI)에 대한 의견서를 발표\n∙ 저작권청은 생성 AI와 관련된 저작권법과 정책 이슈를 조사하고 있으며, 폭넓은 의견 수렴을 통해\n입법과 규제 조치의 필요성을 검토할 계획\n∙ FTC는 생성 AI의 개발과 배포가 소비자, 근로자, 중소기업에 피해를 줄 수 있다며 소비자의 개인정보\n침해, 차별과 편견의 자동화, 사기 범죄 등 AI 사용과 관련된 위험에 주목\nn FTC는 저작권법에 따른 권리와 책임 범위를 넘어서는 저작권 문제에 주목하여 생성 AI로 인해\n창작자의 경쟁력이 불공정한 피해를 볼 수 있으며, 소비자가 특정 창작자의 작품을 생성 AI가\n만들었다고 오해할 소지가 있다고 지적\n∙ 저작권법에 저촉되는 행위는 불공정 경쟁이나 기만행위에도 해당될 수 있으며, 창작자의 평판 악화,\n저작물의 가치 저하나 개인정보 유출로 소비자에 상당한 피해를 초래 가능\nn FTC는 일부 빅테크가 막대한 재원을 활용해 생성 AI 사용자의 이탈을 막고 저작권이 있는 상용\n데이터에 대한 독점 라이선스를 확보해 시장 지배력을 더욱 강화할 수 있다는 우려도 제기']",The context does not provide specific information on how new copyright laws might affect FTC's AI regulations via the Copyright Office.,conditional,"[{'source': 'data/SPRI_AI_Brief_2023년12월호_F.pdf', 'file_path': 'data/SPRI_AI_Brief_2023년12월호_F.pdf', 'page': 7, 'total_pages': 23, 'Author': 'dj', 'Creator': 'Hwp 2018 10.0.0.13462', 'Producer': 'Hancom PDF 1.3.0.542', 'CreationDate': ""D:20231208132838+09'00'"", 'ModDate': ""D:20231208132838+09'00'"", 'PDFVersion': '1.4', 'filename': 'data/SPRI_AI_Brief_2023년12월호_F.pdf'}]",True
